case_num,dataset,model,batch_size,max_epoch,optimizer,learning_rate,lr_step,lr_gamma,l2_decay,loss_fn,use_tensorboard,eval_metric
0,cifar10,vgg16,50,60,adam,1.00E-01,60,0.1,0,cross_entropy,False,class_acc
1,cifar10,vgg16,50,60,adam,5.00E-02,60,0.1,0,cross_entropy,False,class_acc
2,cifar10,vgg16,50,60,adam,1.00E-02,60,0.1,0,cross_entropy,False,class_acc
3,cifar10,vgg16,50,60,adam,5.00E-03,60,0.1,0,cross_entropy,False,class_acc
4,cifar10,vgg16,50,60,adam,1.00E-03,60,0.1,0,cross_entropy,False,class_acc
5,cifar10,vgg16,50,60,adam,5.00E-04,60,0.1,0,cross_entropy,False,class_acc
6,cifar10,vgg16,50,60,adam,1.00E-04,60,0.1,0,cross_entropy,False,class_acc
7,cifar10,vgg16,50,60,adam,5.00E-05,60,0.1,0,cross_entropy,False,class_acc
8,cifar10,vgg16,50,60,adam,1.00E-05,60,0.1,0,cross_entropy,False,class_acc
9,cifar10,vgg16,40,60,adam,1.00E-01,60,0.1,0,cross_entropy,False,class_acc
10,cifar10,vgg16,40,60,adam,5.00E-02,60,0.1,0,cross_entropy,False,class_acc
11,cifar10,vgg16,40,60,adam,1.00E-02,60,0.1,0,cross_entropy,False,class_acc
12,cifar10,vgg16,40,60,adam,5.00E-03,60,0.1,0,cross_entropy,False,class_acc
13,cifar10,vgg16,40,60,adam,1.00E-03,60,0.1,0,cross_entropy,False,class_acc
14,cifar10,vgg16,40,60,adam,5.00E-04,60,0.1,0,cross_entropy,False,class_acc
15,cifar10,vgg16,40,60,adam,1.00E-04,60,0.1,0,cross_entropy,False,class_acc
16,cifar10,vgg16,40,60,adam,5.00E-05,60,0.1,0,cross_entropy,False,class_acc
17,cifar10,vgg16,40,60,adam,1.00E-05,60,0.1,0,cross_entropy,False,class_acc
18,cifar10,vgg16,30,60,adam,1.00E-01,60,0.1,0,cross_entropy,False,class_acc
19,cifar10,vgg16,30,60,adam,5.00E-02,60,0.1,0,cross_entropy,False,class_acc
20,cifar10,vgg16,30,60,adam,1.00E-02,60,0.1,0,cross_entropy,False,class_acc
21,cifar10,vgg16,30,60,adam,5.00E-03,60,0.1,0,cross_entropy,False,class_acc
22,cifar10,vgg16,30,60,adam,1.00E-03,60,0.1,0,cross_entropy,False,class_acc
23,cifar10,vgg16,30,60,adam,5.00E-04,60,0.1,0,cross_entropy,False,class_acc
24,cifar10,vgg16,30,60,adam,1.00E-04,60,0.1,0,cross_entropy,False,class_acc
25,cifar10,vgg16,30,60,adam,5.00E-05,60,0.1,0,cross_entropy,False,class_acc
26,cifar10,vgg16,30,60,adam,1.00E-05,60,0.1,0,cross_entropy,False,class_acc
27,cifar10,vgg16,20,60,adam,1.00E-01,60,0.1,0,cross_entropy,False,class_acc
28,cifar10,vgg16,20,60,adam,5.00E-02,60,0.1,0,cross_entropy,False,class_acc
29,cifar10,vgg16,20,60,adam,1.00E-02,60,0.1,0,cross_entropy,False,class_acc
30,cifar10,vgg16,20,60,adam,5.00E-03,60,0.1,0,cross_entropy,False,class_acc
31,cifar10,vgg16,20,60,adam,1.00E-03,60,0.1,0,cross_entropy,False,class_acc
32,cifar10,vgg16,20,60,adam,5.00E-04,60,0.1,0,cross_entropy,False,class_acc
33,cifar10,vgg16,20,60,adam,1.00E-04,60,0.1,0,cross_entropy,False,class_acc
34,cifar10,vgg16,20,60,adam,5.00E-05,60,0.1,0,cross_entropy,False,class_acc
35,cifar10,vgg16,20,60,adam,1.00E-05,60,0.1,0,cross_entropy,False,class_acc
36,cifar10,vgg16,10,60,adam,1.00E-01,60,0.1,0,cross_entropy,False,class_acc
37,cifar10,vgg16,10,60,adam,5.00E-02,60,0.1,0,cross_entropy,False,class_acc
38,cifar10,vgg16,10,60,adam,1.00E-02,60,0.1,0,cross_entropy,False,class_acc
39,cifar10,vgg16,10,60,adam,5.00E-03,60,0.1,0,cross_entropy,False,class_acc
40,cifar10,vgg16,10,60,adam,1.00E-03,60,0.1,0,cross_entropy,False,class_acc
41,cifar10,vgg16,10,60,adam,5.00E-04,60,0.1,0,cross_entropy,False,class_acc
42,cifar10,vgg16,10,60,adam,1.00E-04,60,0.1,0,cross_entropy,False,class_acc
43,cifar10,vgg16,10,60,adam,5.00E-05,60,0.1,0,cross_entropy,False,class_acc
44,cifar10,vgg16,10,60,adam,1.00E-05,60,0.1,0,cross_entropy,False,class_acc
45,cifar10,vgg16,50,60,adam,1.00E-01,60,0.1,1.00E-03,cross_entropy,False,class_acc
46,cifar10,vgg16,50,60,adam,5.00E-02,60,0.1,1.00E-03,cross_entropy,False,class_acc
47,cifar10,vgg16,50,60,adam,1.00E-02,60,0.1,1.00E-03,cross_entropy,False,class_acc
48,cifar10,vgg16,50,60,adam,5.00E-03,60,0.1,1.00E-03,cross_entropy,False,class_acc
49,cifar10,vgg16,50,60,adam,1.00E-03,60,0.1,1.00E-03,cross_entropy,False,class_acc
50,cifar10,vgg16,50,60,adam,5.00E-04,60,0.1,1.00E-03,cross_entropy,False,class_acc
51,cifar10,vgg16,50,60,adam,1.00E-04,60,0.1,1.00E-03,cross_entropy,False,class_acc
52,cifar10,vgg16,50,60,adam,5.00E-05,60,0.1,1.00E-03,cross_entropy,False,class_acc
53,cifar10,vgg16,50,60,adam,1.00E-05,60,0.1,1.00E-03,cross_entropy,False,class_acc
54,cifar10,vgg16,40,60,adam,1.00E-01,60,0.1,1.00E-03,cross_entropy,False,class_acc
55,cifar10,vgg16,40,60,adam,5.00E-02,60,0.1,1.00E-03,cross_entropy,False,class_acc
56,cifar10,vgg16,40,60,adam,1.00E-02,60,0.1,1.00E-03,cross_entropy,False,class_acc
57,cifar10,vgg16,40,60,adam,5.00E-03,60,0.1,1.00E-03,cross_entropy,False,class_acc
58,cifar10,vgg16,40,60,adam,1.00E-03,60,0.1,1.00E-03,cross_entropy,False,class_acc
59,cifar10,vgg16,40,60,adam,5.00E-04,60,0.1,1.00E-03,cross_entropy,False,class_acc
60,cifar10,vgg16,40,60,adam,1.00E-04,60,0.1,1.00E-03,cross_entropy,False,class_acc
61,cifar10,vgg16,40,60,adam,5.00E-05,60,0.1,1.00E-03,cross_entropy,False,class_acc
62,cifar10,vgg16,40,60,adam,1.00E-05,60,0.1,1.00E-03,cross_entropy,False,class_acc
63,cifar10,vgg16,30,60,adam,1.00E-01,60,0.1,1.00E-03,cross_entropy,False,class_acc
64,cifar10,vgg16,30,60,adam,5.00E-02,60,0.1,1.00E-03,cross_entropy,False,class_acc
65,cifar10,vgg16,30,60,adam,1.00E-02,60,0.1,1.00E-03,cross_entropy,False,class_acc
66,cifar10,vgg16,30,60,adam,5.00E-03,60,0.1,1.00E-03,cross_entropy,False,class_acc
67,cifar10,vgg16,30,60,adam,1.00E-03,60,0.1,1.00E-03,cross_entropy,False,class_acc
68,cifar10,vgg16,30,60,adam,5.00E-04,60,0.1,1.00E-03,cross_entropy,False,class_acc
69,cifar10,vgg16,30,60,adam,1.00E-04,60,0.1,1.00E-03,cross_entropy,False,class_acc
70,cifar10,vgg16,30,60,adam,5.00E-05,60,0.1,1.00E-03,cross_entropy,False,class_acc
71,cifar10,vgg16,30,60,adam,1.00E-05,60,0.1,1.00E-03,cross_entropy,False,class_acc
72,cifar10,vgg16,20,60,adam,1.00E-01,60,0.1,1.00E-03,cross_entropy,False,class_acc
73,cifar10,vgg16,20,60,adam,5.00E-02,60,0.1,1.00E-03,cross_entropy,False,class_acc
74,cifar10,vgg16,20,60,adam,1.00E-02,60,0.1,1.00E-03,cross_entropy,False,class_acc
75,cifar10,vgg16,20,60,adam,5.00E-03,60,0.1,1.00E-03,cross_entropy,False,class_acc
76,cifar10,vgg16,20,60,adam,1.00E-03,60,0.1,1.00E-03,cross_entropy,False,class_acc
77,cifar10,vgg16,20,60,adam,5.00E-04,60,0.1,1.00E-03,cross_entropy,False,class_acc
78,cifar10,vgg16,20,60,adam,1.00E-04,60,0.1,1.00E-03,cross_entropy,False,class_acc
79,cifar10,vgg16,20,60,adam,5.00E-05,60,0.1,1.00E-03,cross_entropy,False,class_acc
80,cifar10,vgg16,20,60,adam,1.00E-05,60,0.1,1.00E-03,cross_entropy,False,class_acc
81,cifar10,vgg16,10,60,adam,1.00E-01,60,0.1,1.00E-03,cross_entropy,False,class_acc
82,cifar10,vgg16,10,60,adam,5.00E-02,60,0.1,1.00E-03,cross_entropy,False,class_acc
83,cifar10,vgg16,10,60,adam,1.00E-02,60,0.1,1.00E-03,cross_entropy,False,class_acc
84,cifar10,vgg16,10,60,adam,5.00E-03,60,0.1,1.00E-03,cross_entropy,False,class_acc
85,cifar10,vgg16,10,60,adam,1.00E-03,60,0.1,1.00E-03,cross_entropy,False,class_acc
86,cifar10,vgg16,10,60,adam,5.00E-04,60,0.1,1.00E-03,cross_entropy,False,class_acc
87,cifar10,vgg16,10,60,adam,1.00E-04,60,0.1,1.00E-03,cross_entropy,False,class_acc
88,cifar10,vgg16,10,60,adam,5.00E-05,60,0.1,1.00E-03,cross_entropy,False,class_acc
89,cifar10,vgg16,10,60,adam,1.00E-05,60,0.1,1.00E-03,cross_entropy,False,class_acc
90,cifar10,vgg16,50,60,adam,1.00E-01,60,0.1,1.00E-03,cross_entropy,False,class_acc
91,cifar10,vgg16,50,60,adam,5.00E-02,60,0.1,1.00E-03,cross_entropy,False,class_acc
92,cifar10,vgg16,50,60,adam,1.00E-02,60,0.1,1.00E-03,cross_entropy,False,class_acc
93,cifar10,vgg16,50,60,adam,5.00E-03,60,0.1,1.00E-03,cross_entropy,False,class_acc
94,cifar10,vgg16,50,60,adam,1.00E-03,60,0.1,1.00E-03,cross_entropy,False,class_acc
95,cifar10,vgg16,50,60,adam,5.00E-04,60,0.1,1.00E-03,cross_entropy,False,class_acc
96,cifar10,vgg16,50,60,adam,1.00E-04,60,0.1,1.00E-03,cross_entropy,False,class_acc
97,cifar10,vgg16,50,60,adam,5.00E-05,60,0.1,1.00E-03,cross_entropy,False,class_acc
98,cifar10,vgg16,50,60,adam,1.00E-05,60,0.1,1.00E-03,cross_entropy,False,class_acc
99,cifar10,vgg16,40,60,adam,1.00E-01,60,0.1,1.00E-03,cross_entropy,False,class_acc
100,cifar10,vgg16,40,60,adam,5.00E-02,60,0.1,1.00E-03,cross_entropy,False,class_acc
101,cifar10,vgg16,40,60,adam,1.00E-02,60,0.1,1.00E-03,cross_entropy,False,class_acc
102,cifar10,vgg16,40,60,adam,5.00E-03,60,0.1,1.00E-03,cross_entropy,False,class_acc
103,cifar10,vgg16,40,60,adam,1.00E-03,60,0.1,1.00E-03,cross_entropy,False,class_acc
104,cifar10,vgg16,40,60,adam,5.00E-04,60,0.1,1.00E-03,cross_entropy,False,class_acc
105,cifar10,vgg16,40,60,adam,1.00E-04,60,0.1,1.00E-03,cross_entropy,False,class_acc
106,cifar10,vgg16,40,60,adam,5.00E-05,60,0.1,1.00E-03,cross_entropy,False,class_acc
107,cifar10,vgg16,40,60,adam,1.00E-05,60,0.1,1.00E-03,cross_entropy,False,class_acc
108,cifar10,vgg16,30,60,adam,1.00E-01,60,0.1,1.00E-03,cross_entropy,False,class_acc
109,cifar10,vgg16,30,60,adam,5.00E-02,60,0.1,1.00E-03,cross_entropy,False,class_acc
110,cifar10,vgg16,30,60,adam,1.00E-02,60,0.1,1.00E-03,cross_entropy,False,class_acc
111,cifar10,vgg16,30,60,adam,5.00E-03,60,0.1,1.00E-03,cross_entropy,False,class_acc
112,cifar10,vgg16,30,60,adam,1.00E-03,60,0.1,1.00E-03,cross_entropy,False,class_acc
113,cifar10,vgg16,30,60,adam,5.00E-04,60,0.1,1.00E-03,cross_entropy,False,class_acc
114,cifar10,vgg16,30,60,adam,1.00E-04,60,0.1,1.00E-03,cross_entropy,False,class_acc
115,cifar10,vgg16,30,60,adam,5.00E-05,60,0.1,1.00E-03,cross_entropy,False,class_acc
116,cifar10,vgg16,30,60,adam,1.00E-05,60,0.1,1.00E-03,cross_entropy,False,class_acc
117,cifar10,vgg16,20,60,adam,1.00E-01,60,0.1,1.00E-03,cross_entropy,False,class_acc
118,cifar10,vgg16,20,60,adam,5.00E-02,60,0.1,1.00E-03,cross_entropy,False,class_acc
119,cifar10,vgg16,20,60,adam,1.00E-02,60,0.1,1.00E-03,cross_entropy,False,class_acc
120,cifar10,vgg16,20,60,adam,5.00E-03,60,0.1,1.00E-03,cross_entropy,False,class_acc
121,cifar10,vgg16,20,60,adam,1.00E-03,60,0.1,1.00E-03,cross_entropy,False,class_acc
122,cifar10,vgg16,20,60,adam,5.00E-04,60,0.1,1.00E-03,cross_entropy,False,class_acc
123,cifar10,vgg16,20,60,adam,1.00E-04,60,0.1,1.00E-03,cross_entropy,False,class_acc
124,cifar10,vgg16,20,60,adam,5.00E-05,60,0.1,1.00E-03,cross_entropy,False,class_acc
125,cifar10,vgg16,20,60,adam,1.00E-05,60,0.1,1.00E-03,cross_entropy,False,class_acc
126,cifar10,vgg16,10,60,adam,1.00E-01,60,0.1,1.00E-03,cross_entropy,False,class_acc
127,cifar10,vgg16,10,60,adam,5.00E-02,60,0.1,1.00E-03,cross_entropy,False,class_acc
128,cifar10,vgg16,10,60,adam,1.00E-02,60,0.1,1.00E-03,cross_entropy,False,class_acc
129,cifar10,vgg16,10,60,adam,5.00E-03,60,0.1,1.00E-03,cross_entropy,False,class_acc
130,cifar10,vgg16,10,60,adam,1.00E-03,60,0.1,1.00E-03,cross_entropy,False,class_acc
131,cifar10,vgg16,10,60,adam,5.00E-04,60,0.1,1.00E-03,cross_entropy,False,class_acc
132,cifar10,vgg16,10,60,adam,1.00E-04,60,0.1,1.00E-03,cross_entropy,False,class_acc
133,cifar10,vgg16,10,60,adam,5.00E-05,60,0.1,1.00E-03,cross_entropy,False,class_acc
134,cifar10,vgg16,10,60,adam,1.00E-05,60,0.1,1.00E-03,cross_entropy,False,class_acc
135,cifar10,vgg16,50,60,adam,1.00E-01,60,0.1,1.00E-04,cross_entropy,False,class_acc
136,cifar10,vgg16,50,60,adam,5.00E-02,60,0.1,1.00E-04,cross_entropy,False,class_acc
137,cifar10,vgg16,50,60,adam,1.00E-02,60,0.1,1.00E-04,cross_entropy,False,class_acc
138,cifar10,vgg16,50,60,adam,5.00E-03,60,0.1,1.00E-04,cross_entropy,False,class_acc
139,cifar10,vgg16,50,60,adam,1.00E-03,60,0.1,1.00E-04,cross_entropy,False,class_acc
140,cifar10,vgg16,50,60,adam,5.00E-04,60,0.1,1.00E-04,cross_entropy,False,class_acc
141,cifar10,vgg16,50,60,adam,1.00E-04,60,0.1,1.00E-04,cross_entropy,False,class_acc
142,cifar10,vgg16,50,60,adam,5.00E-05,60,0.1,1.00E-04,cross_entropy,False,class_acc
143,cifar10,vgg16,50,60,adam,1.00E-05,60,0.1,1.00E-04,cross_entropy,False,class_acc
144,cifar10,vgg16,40,60,adam,1.00E-01,60,0.1,1.00E-04,cross_entropy,False,class_acc
145,cifar10,vgg16,40,60,adam,5.00E-02,60,0.1,1.00E-04,cross_entropy,False,class_acc
146,cifar10,vgg16,40,60,adam,1.00E-02,60,0.1,1.00E-04,cross_entropy,False,class_acc
147,cifar10,vgg16,40,60,adam,5.00E-03,60,0.1,1.00E-04,cross_entropy,False,class_acc
148,cifar10,vgg16,40,60,adam,1.00E-03,60,0.1,1.00E-04,cross_entropy,False,class_acc
149,cifar10,vgg16,40,60,adam,5.00E-04,60,0.1,1.00E-04,cross_entropy,False,class_acc
150,cifar10,vgg16,40,60,adam,1.00E-04,60,0.1,1.00E-04,cross_entropy,False,class_acc
151,cifar10,vgg16,40,60,adam,5.00E-05,60,0.1,1.00E-04,cross_entropy,False,class_acc
152,cifar10,vgg16,40,60,adam,1.00E-05,60,0.1,1.00E-04,cross_entropy,False,class_acc
153,cifar10,vgg16,30,60,adam,1.00E-01,60,0.1,1.00E-04,cross_entropy,False,class_acc
154,cifar10,vgg16,30,60,adam,5.00E-02,60,0.1,1.00E-04,cross_entropy,False,class_acc
155,cifar10,vgg16,30,60,adam,1.00E-02,60,0.1,1.00E-04,cross_entropy,False,class_acc
156,cifar10,vgg16,30,60,adam,5.00E-03,60,0.1,1.00E-04,cross_entropy,False,class_acc
157,cifar10,vgg16,30,60,adam,1.00E-03,60,0.1,1.00E-04,cross_entropy,False,class_acc
158,cifar10,vgg16,30,60,adam,5.00E-04,60,0.1,1.00E-04,cross_entropy,False,class_acc
159,cifar10,vgg16,30,60,adam,1.00E-04,60,0.1,1.00E-04,cross_entropy,False,class_acc
160,cifar10,vgg16,30,60,adam,5.00E-05,60,0.1,1.00E-04,cross_entropy,False,class_acc
161,cifar10,vgg16,30,60,adam,1.00E-05,60,0.1,1.00E-04,cross_entropy,False,class_acc
162,cifar10,vgg16,20,60,adam,1.00E-01,60,0.1,1.00E-04,cross_entropy,False,class_acc
163,cifar10,vgg16,20,60,adam,5.00E-02,60,0.1,1.00E-04,cross_entropy,False,class_acc
164,cifar10,vgg16,20,60,adam,1.00E-02,60,0.1,1.00E-04,cross_entropy,False,class_acc
165,cifar10,vgg16,20,60,adam,5.00E-03,60,0.1,1.00E-04,cross_entropy,False,class_acc
166,cifar10,vgg16,20,60,adam,1.00E-03,60,0.1,1.00E-04,cross_entropy,False,class_acc
167,cifar10,vgg16,20,60,adam,5.00E-04,60,0.1,1.00E-04,cross_entropy,False,class_acc
168,cifar10,vgg16,20,60,adam,1.00E-04,60,0.1,1.00E-04,cross_entropy,False,class_acc
169,cifar10,vgg16,20,60,adam,5.00E-05,60,0.1,1.00E-04,cross_entropy,False,class_acc
170,cifar10,vgg16,20,60,adam,1.00E-05,60,0.1,1.00E-04,cross_entropy,False,class_acc
171,cifar10,vgg16,10,60,adam,1.00E-01,60,0.1,1.00E-04,cross_entropy,False,class_acc
172,cifar10,vgg16,10,60,adam,5.00E-02,60,0.1,1.00E-04,cross_entropy,False,class_acc
173,cifar10,vgg16,10,60,adam,1.00E-02,60,0.1,1.00E-04,cross_entropy,False,class_acc
174,cifar10,vgg16,10,60,adam,5.00E-03,60,0.1,1.00E-04,cross_entropy,False,class_acc
175,cifar10,vgg16,10,60,adam,1.00E-03,60,0.1,1.00E-04,cross_entropy,False,class_acc
176,cifar10,vgg16,10,60,adam,5.00E-04,60,0.1,1.00E-04,cross_entropy,False,class_acc
177,cifar10,vgg16,10,60,adam,1.00E-04,60,0.1,1.00E-04,cross_entropy,False,class_acc
178,cifar10,vgg16,10,60,adam,5.00E-05,60,0.1,1.00E-04,cross_entropy,False,class_acc
179,cifar10,vgg16,10,60,adam,1.00E-05,60,0.1,1.00E-04,cross_entropy,False,class_acc
180,cifar10,vgg16,50,60,adam,1.00E-01,60,0.1,1.00E-05,cross_entropy,False,class_acc
181,cifar10,vgg16,50,60,adam,5.00E-02,60,0.1,1.00E-05,cross_entropy,False,class_acc
182,cifar10,vgg16,50,60,adam,1.00E-02,60,0.1,1.00E-05,cross_entropy,False,class_acc
183,cifar10,vgg16,50,60,adam,5.00E-03,60,0.1,1.00E-05,cross_entropy,False,class_acc
184,cifar10,vgg16,50,60,adam,1.00E-03,60,0.1,1.00E-05,cross_entropy,False,class_acc
185,cifar10,vgg16,50,60,adam,5.00E-04,60,0.1,1.00E-05,cross_entropy,False,class_acc
186,cifar10,vgg16,50,60,adam,1.00E-04,60,0.1,1.00E-05,cross_entropy,False,class_acc
187,cifar10,vgg16,50,60,adam,5.00E-05,60,0.1,1.00E-05,cross_entropy,False,class_acc
188,cifar10,vgg16,50,60,adam,1.00E-05,60,0.1,1.00E-05,cross_entropy,False,class_acc
189,cifar10,vgg16,40,60,adam,1.00E-01,60,0.1,1.00E-05,cross_entropy,False,class_acc
190,cifar10,vgg16,40,60,adam,5.00E-02,60,0.1,1.00E-05,cross_entropy,False,class_acc
191,cifar10,vgg16,40,60,adam,1.00E-02,60,0.1,1.00E-05,cross_entropy,False,class_acc
192,cifar10,vgg16,40,60,adam,5.00E-03,60,0.1,1.00E-05,cross_entropy,False,class_acc
193,cifar10,vgg16,40,60,adam,1.00E-03,60,0.1,1.00E-05,cross_entropy,False,class_acc
194,cifar10,vgg16,40,60,adam,5.00E-04,60,0.1,1.00E-05,cross_entropy,False,class_acc
195,cifar10,vgg16,40,60,adam,1.00E-04,60,0.1,1.00E-05,cross_entropy,False,class_acc
196,cifar10,vgg16,40,60,adam,5.00E-05,60,0.1,1.00E-05,cross_entropy,False,class_acc
197,cifar10,vgg16,40,60,adam,1.00E-05,60,0.1,1.00E-05,cross_entropy,False,class_acc
198,cifar10,vgg16,30,60,adam,1.00E-01,60,0.1,1.00E-05,cross_entropy,False,class_acc
199,cifar10,vgg16,30,60,adam,5.00E-02,60,0.1,1.00E-05,cross_entropy,False,class_acc
200,cifar10,vgg16,30,60,adam,1.00E-02,60,0.1,1.00E-05,cross_entropy,False,class_acc
201,cifar10,vgg16,30,60,adam,5.00E-03,60,0.1,1.00E-05,cross_entropy,False,class_acc
202,cifar10,vgg16,30,60,adam,1.00E-03,60,0.1,1.00E-05,cross_entropy,False,class_acc
203,cifar10,vgg16,30,60,adam,5.00E-04,60,0.1,1.00E-05,cross_entropy,False,class_acc
204,cifar10,vgg16,30,60,adam,1.00E-04,60,0.1,1.00E-05,cross_entropy,False,class_acc
205,cifar10,vgg16,30,60,adam,5.00E-05,60,0.1,1.00E-05,cross_entropy,False,class_acc
206,cifar10,vgg16,30,60,adam,1.00E-05,60,0.1,1.00E-05,cross_entropy,False,class_acc
207,cifar10,vgg16,20,60,adam,1.00E-01,60,0.1,1.00E-05,cross_entropy,False,class_acc
208,cifar10,vgg16,20,60,adam,5.00E-02,60,0.1,1.00E-05,cross_entropy,False,class_acc
209,cifar10,vgg16,20,60,adam,1.00E-02,60,0.1,1.00E-05,cross_entropy,False,class_acc
210,cifar10,vgg16,20,60,adam,5.00E-03,60,0.1,1.00E-05,cross_entropy,False,class_acc
211,cifar10,vgg16,20,60,adam,1.00E-03,60,0.1,1.00E-05,cross_entropy,False,class_acc
212,cifar10,vgg16,20,60,adam,5.00E-04,60,0.1,1.00E-05,cross_entropy,False,class_acc
213,cifar10,vgg16,20,60,adam,1.00E-04,60,0.1,1.00E-05,cross_entropy,False,class_acc
214,cifar10,vgg16,20,60,adam,5.00E-05,60,0.1,1.00E-05,cross_entropy,False,class_acc
215,cifar10,vgg16,20,60,adam,1.00E-05,60,0.1,1.00E-05,cross_entropy,False,class_acc
216,cifar10,vgg16,10,60,adam,1.00E-01,60,0.1,1.00E-05,cross_entropy,False,class_acc
217,cifar10,vgg16,10,60,adam,5.00E-02,60,0.1,1.00E-05,cross_entropy,False,class_acc
218,cifar10,vgg16,10,60,adam,1.00E-02,60,0.1,1.00E-05,cross_entropy,False,class_acc
219,cifar10,vgg16,10,60,adam,5.00E-03,60,0.1,1.00E-05,cross_entropy,False,class_acc
220,cifar10,vgg16,10,60,adam,1.00E-03,60,0.1,1.00E-05,cross_entropy,False,class_acc
221,cifar10,vgg16,10,60,adam,5.00E-04,60,0.1,1.00E-05,cross_entropy,False,class_acc
222,cifar10,vgg16,10,60,adam,1.00E-04,60,0.1,1.00E-05,cross_entropy,False,class_acc
223,cifar10,vgg16,10,60,adam,5.00E-05,60,0.1,1.00E-05,cross_entropy,False,class_acc
224,cifar10,vgg16,10,60,adam,1.00E-05,60,0.1,1.00E-05,cross_entropy,False,class_acc
225,cifar10,vgg16,50,60,adam,1.00E-01,60,0.1,1.00E-06,cross_entropy,False,class_acc
226,cifar10,vgg16,50,60,adam,5.00E-02,60,0.1,1.00E-06,cross_entropy,False,class_acc
227,cifar10,vgg16,50,60,adam,1.00E-02,60,0.1,1.00E-06,cross_entropy,False,class_acc
228,cifar10,vgg16,50,60,adam,5.00E-03,60,0.1,1.00E-06,cross_entropy,False,class_acc
229,cifar10,vgg16,50,60,adam,1.00E-03,60,0.1,1.00E-06,cross_entropy,False,class_acc
230,cifar10,vgg16,50,60,adam,5.00E-04,60,0.1,1.00E-06,cross_entropy,False,class_acc
231,cifar10,vgg16,50,60,adam,1.00E-04,60,0.1,1.00E-06,cross_entropy,False,class_acc
232,cifar10,vgg16,50,60,adam,5.00E-05,60,0.1,1.00E-06,cross_entropy,False,class_acc
233,cifar10,vgg16,50,60,adam,1.00E-05,60,0.1,1.00E-06,cross_entropy,False,class_acc
234,cifar10,vgg16,40,60,adam,1.00E-01,60,0.1,1.00E-06,cross_entropy,False,class_acc
235,cifar10,vgg16,40,60,adam,5.00E-02,60,0.1,1.00E-06,cross_entropy,False,class_acc
236,cifar10,vgg16,40,60,adam,1.00E-02,60,0.1,1.00E-06,cross_entropy,False,class_acc
237,cifar10,vgg16,40,60,adam,5.00E-03,60,0.1,1.00E-06,cross_entropy,False,class_acc
238,cifar10,vgg16,40,60,adam,1.00E-03,60,0.1,1.00E-06,cross_entropy,False,class_acc
239,cifar10,vgg16,40,60,adam,5.00E-04,60,0.1,1.00E-06,cross_entropy,False,class_acc
240,cifar10,vgg16,40,60,adam,1.00E-04,60,0.1,1.00E-06,cross_entropy,False,class_acc
241,cifar10,vgg16,40,60,adam,5.00E-05,60,0.1,1.00E-06,cross_entropy,False,class_acc
242,cifar10,vgg16,40,60,adam,1.00E-05,60,0.1,1.00E-06,cross_entropy,False,class_acc
243,cifar10,vgg16,30,60,adam,1.00E-01,60,0.1,1.00E-06,cross_entropy,False,class_acc
244,cifar10,vgg16,30,60,adam,5.00E-02,60,0.1,1.00E-06,cross_entropy,False,class_acc
245,cifar10,vgg16,30,60,adam,1.00E-02,60,0.1,1.00E-06,cross_entropy,False,class_acc
246,cifar10,vgg16,30,60,adam,5.00E-03,60,0.1,1.00E-06,cross_entropy,False,class_acc
247,cifar10,vgg16,30,60,adam,1.00E-03,60,0.1,1.00E-06,cross_entropy,False,class_acc
248,cifar10,vgg16,30,60,adam,5.00E-04,60,0.1,1.00E-06,cross_entropy,False,class_acc
249,cifar10,vgg16,30,60,adam,1.00E-04,60,0.1,1.00E-06,cross_entropy,False,class_acc
250,cifar10,vgg16,30,60,adam,5.00E-05,60,0.1,1.00E-06,cross_entropy,False,class_acc
251,cifar10,vgg16,30,60,adam,1.00E-05,60,0.1,1.00E-06,cross_entropy,False,class_acc
252,cifar10,vgg16,20,60,adam,1.00E-01,60,0.1,1.00E-06,cross_entropy,False,class_acc
253,cifar10,vgg16,20,60,adam,5.00E-02,60,0.1,1.00E-06,cross_entropy,False,class_acc
254,cifar10,vgg16,20,60,adam,1.00E-02,60,0.1,1.00E-06,cross_entropy,False,class_acc
255,cifar10,vgg16,20,60,adam,5.00E-03,60,0.1,1.00E-06,cross_entropy,False,class_acc
256,cifar10,vgg16,20,60,adam,1.00E-03,60,0.1,1.00E-06,cross_entropy,False,class_acc
257,cifar10,vgg16,20,60,adam,5.00E-04,60,0.1,1.00E-06,cross_entropy,False,class_acc
258,cifar10,vgg16,20,60,adam,1.00E-04,60,0.1,1.00E-06,cross_entropy,False,class_acc
259,cifar10,vgg16,20,60,adam,5.00E-05,60,0.1,1.00E-06,cross_entropy,False,class_acc
260,cifar10,vgg16,20,60,adam,1.00E-05,60,0.1,1.00E-06,cross_entropy,False,class_acc
261,cifar10,vgg16,10,60,adam,1.00E-01,60,0.1,1.00E-06,cross_entropy,False,class_acc
262,cifar10,vgg16,10,60,adam,5.00E-02,60,0.1,1.00E-06,cross_entropy,False,class_acc
263,cifar10,vgg16,10,60,adam,1.00E-02,60,0.1,1.00E-06,cross_entropy,False,class_acc
264,cifar10,vgg16,10,60,adam,5.00E-03,60,0.1,1.00E-06,cross_entropy,False,class_acc
265,cifar10,vgg16,10,60,adam,1.00E-03,60,0.1,1.00E-06,cross_entropy,False,class_acc
266,cifar10,vgg16,10,60,adam,5.00E-04,60,0.1,1.00E-06,cross_entropy,False,class_acc
267,cifar10,vgg16,10,60,adam,1.00E-04,60,0.1,1.00E-06,cross_entropy,False,class_acc
268,cifar10,vgg16,10,60,adam,5.00E-05,60,0.1,1.00E-06,cross_entropy,False,class_acc
269,cifar10,vgg16,10,60,adam,1.00E-05,60,0.1,1.00E-06,cross_entropy,False,class_acc
